品項ID,供應商,供應商ID,品項類別,單位成本,安全庫存量,庫存量,最後進貨日,狀態,總進貨量,規格/單位,進價,關聯的採購項目,食材名稱,食譜組成項目
薑黃粉,佳良行,JL (https://www.notion.so/JL-237fd5adc30b80798c14e5c1a85eeb40?pvs=21),,0.5,,,2025年7月22日 下午7:21,未開始,0,1 斤,300,,薑黃粉,舒肥薑黃咖喱雞-薑黃粉 (https://www.notion.so/237fd5adc30b804c9097e00607acfba8?pvs=21)
紅糖,佳良行,JL (https://www.notion.so/JL-237fd5adc30b80798c14e5c1a85eeb40?pvs=21),,0.033,,1800,2025年7月22日 下午7:25,未開始,0,1 斤,20,,紅糖,"舒肥沙爹咖喱雞-紅糖 (https://www.notion.so/237fd5adc30b80a98388f8269e565a59?pvs=21), 帕泰醬-紅糖 (https://www.notion.so/237fd5adc30b80ad845ed835585c1161?pvs=21), 魚露炸腿-紅糖 (https://www.notion.so/237fd5adc30b80d29c4df170b7c7c484?pvs=21), 青木瓜醬-紅糖 (https://www.notion.so/237fd5adc30b8081a3bbcdc20cf6b19e?pvs=21), 舒肥薑黃咖喱雞-紅糖 (https://www.notion.so/237fd5adc30b80f6ab09c736922507fc?pvs=21), 茉莉豬頸肉-紅糖 (https://www.notion.so/237fd5adc30b805a95e4e5f40db8a974?pvs=21), 鹽味翅小腿-紅糖 (https://www.notion.so/237fd5adc30b804d9492eee4f79840ab?pvs=21), 早餐豬肉丸-紅糖 (https://www.notion.so/237fd5adc30b8056a53ccae7a7178503?pvs=21), 酸辣湯底-紅糖 (https://www.notion.so/237fd5adc30b803f902fe0e337e75658?pvs=21), 炸春捲-紅糖 (https://www.notion.so/237fd5adc30b80a0a02ec23c2848a993?pvs=21), 經典綠咖哩醬-紅糖 (https://www.notion.so/237fd5adc30b806f9ebafdf8a741ef56?pvs=21), Laab羊-紅糖 (https://www.notion.so/Laab-237fd5adc30b80ffac95c111be80ddba?pvs=21)"
乳瑪琳,佳良行,JL (https://www.notion.so/JL-237fd5adc30b80798c14e5c1a85eeb40?pvs=21),,0.318,,,2025年7月22日 下午7:21,未開始,0,440 克,140,,乳瑪琳,
玉米粒,佳良行,JL (https://www.notion.so/JL-237fd5adc30b80798c14e5c1a85eeb40?pvs=21),,0.058,,,2025年7月22日 下午7:21,未開始,0,2 公斤,115,,玉米粒,
橄欖油,佳良行,JL (https://www.notion.so/JL-237fd5adc30b80798c14e5c1a85eeb40?pvs=21),,0.041,,,2025年7月22日 下午7:21,未開始,0,18 公斤,745,,橄欖油,舒肥海南雞-橄欖油 (https://www.notion.so/237fd5adc30b80a2806fdb62d4ed3b1d?pvs=21)
黑胡椒,佳良行,JL (https://www.notion.so/JL-237fd5adc30b80798c14e5c1a85eeb40?pvs=21),,0.733,,,2025年7月22日 下午7:21,未開始,0,150 克,110,,黑胡椒,"秘傳炸翅-黑胡椒 (https://www.notion.so/237fd5adc30b80ddbf33d924d7d7a4a7?pvs=21), 茉莉豬頸肉-黑胡椒 (https://www.notion.so/237fd5adc30b80a2896ff593e478d081?pvs=21), 鹽味翅小腿-黑胡椒 (https://www.notion.so/237fd5adc30b803ea583ce487c2b19cc?pvs=21), 炸春捲-黑胡椒 (https://www.notion.so/237fd5adc30b8066b99ede017547b997?pvs=21)"
雞粉,佳良行,JL (https://www.notion.so/JL-237fd5adc30b80798c14e5c1a85eeb40?pvs=21),,0.25,,200,2025年7月22日 下午7:26,未開始,0,1 公斤,250,,雞粉,"舒肥海南雞-雞粉 (https://www.notion.so/237fd5adc30b80809fefde6b48b35545?pvs=21), 魚露炸腿-雞粉 (https://www.notion.so/237fd5adc30b801bb80fddfda8af47d7?pvs=21), 秘傳炸翅-雞粉 (https://www.notion.so/237fd5adc30b8041b0cadc0550dd6197?pvs=21), 泰南烤雞-雞粉 (https://www.notion.so/237fd5adc30b80869f79f8b0ebe65e03?pvs=21), 茉莉豬頸肉-雞粉 (https://www.notion.so/237fd5adc30b807bb963f3f501287123?pvs=21), 鹽味翅小腿-雞粉 (https://www.notion.so/237fd5adc30b80338308fb9cf71ad9fc?pvs=21), 經典綠咖哩醬-雞粉 (https://www.notion.so/237fd5adc30b8068b4edfecf2014f755?pvs=21)"
鹽,佳良行,JL (https://www.notion.so/JL-237fd5adc30b80798c14e5c1a85eeb40?pvs=21),,0.008,,,2025年7月22日 下午7:21,未開始,0,30 公斤,240,,鹽,"舒肥海南雞-鹽 (https://www.notion.so/237fd5adc30b8068a309ececb67d2739?pvs=21), 茉莉豬頸肉-鹽 (https://www.notion.so/237fd5adc30b80a08d5de0aee5423b71?pvs=21), 炸春捲-鹽 (https://www.notion.so/237fd5adc30b80f78ebfe0955bfa9a36?pvs=21)"
花生醬,佳良行,JL (https://www.notion.so/JL-237fd5adc30b80798c14e5c1a85eeb40?pvs=21),,0.143,,,2025年7月22日 下午7:21,未開始,0,3 公斤,430,,花生醬,舒肥沙爹咖喱雞-花生醬  (https://www.notion.so/237fd5adc30b806ab077fc461a166916?pvs=21)
蒜酥,佳良行,JL (https://www.notion.so/JL-237fd5adc30b80798c14e5c1a85eeb40?pvs=21),,0.138,,,2025年7月22日 下午7:21,未開始,0,1 斤,83,,蒜酥,"泰南烤雞-蒜酥 (https://www.notion.so/237fd5adc30b8033ac87f45fc64fd5d8?pvs=21), 茉莉豬頸肉-蒜酥 (https://www.notion.so/237fd5adc30b80778bb8e2d3c66a1b2c?pvs=21)"
沙拉油(大成),佳良行,JL (https://www.notion.so/JL-237fd5adc30b80798c14e5c1a85eeb40?pvs=21),,0.051,,,2025年7月22日 下午7:21,未開始,0,18 公斤,910,,沙拉油(大成),
耐炸油(大成),佳良行,JL (https://www.notion.so/JL-237fd5adc30b80798c14e5c1a85eeb40?pvs=21),,0.043,,,2025年7月22日 下午7:21,未開始,0,18 公斤,765,,耐炸油(大成),
熊貓蠔油,佳良行,JL (https://www.notion.so/JL-237fd5adc30b80798c14e5c1a85eeb40?pvs=21),,0.084,,200,2025年7月22日 下午10:09,未開始,0,2270 克,190,,熊貓蠔油,經典蝦醬-蠔油 (https://www.notion.so/237fd5adc30b801294f3ddaeaadcfc74?pvs=21)
煉乳,泓潔,HJ (https://www.notion.so/HJ-237fd5adc30b80b19761e0adc9cb9b8b?pvs=21),,0.09,,1970,2025年7月26日 上午3:51,未開始,0,2 公斤,180,,煉乳,"泰式奶茶-煉乳 (https://www.notion.so/237fd5adc30b807482cbd8958a638079?pvs=21), 泰式奶綠-煉乳 (https://www.notion.so/237fd5adc30b8034ad13e54b37ebcd99?pvs=21), 泰式傳統咖啡-煉乳 (https://www.notion.so/237fd5adc30b800d95eacc2ad7a2e06e?pvs=21), 煉乳檸檬-煉乳 (https://www.notion.so/237fd5adc30b80e2af24c7cae1e5f9dc?pvs=21)"
紅葱醬,佳良行,JL (https://www.notion.so/JL-237fd5adc30b80798c14e5c1a85eeb40?pvs=21),,0.251,,1000,2025年7月22日 下午7:24,未開始,0,737 克,185,,紅葱醬,帕泰醬-紅蔥醬 (https://www.notion.so/237fd5adc30b8020bb33ec864ed56631?pvs=21)
美極鮮味露,佳良行,JL (https://www.notion.so/JL-237fd5adc30b80798c14e5c1a85eeb40?pvs=21),,0.256,,1000,2025年7月22日 下午7:25,未開始,0,800 克,205,,美極鮮味露,"秘傳炸翅-美極鮮味露 (https://www.notion.so/237fd5adc30b80888dded4d80a96da4b?pvs=21), 泰南烤雞-美極鮮味露 (https://www.notion.so/237fd5adc30b80cc84a9d6330e4f7e70?pvs=21), 早餐豬肉丸-美極鮮味露 (https://www.notion.so/237fd5adc30b809d8c90d7d0c5408d88?pvs=21)"
油蔥酥,佳良行,JL (https://www.notion.so/JL-237fd5adc30b80798c14e5c1a85eeb40?pvs=21),,0.108,,,2025年7月22日 下午7:21,未開始,0,1 斤,65,,油蔥酥,
白胡椒,佳良行,JL (https://www.notion.so/JL-237fd5adc30b80798c14e5c1a85eeb40?pvs=21),,0.5,,50,2025年7月22日 下午9:43,未開始,0,1 斤,300,,白胡椒,"舒肥海南雞-白胡椒 (https://www.notion.so/237fd5adc30b80f6ab0bd0493a348191?pvs=21), 魚露炸腿-白胡椒 (https://www.notion.so/237fd5adc30b80cabfc0fc7c846b6e1b?pvs=21), 秘傳炸翅-白胡椒 (https://www.notion.so/237fd5adc30b807096b0eafc4380cf61?pvs=21), 經典蝦醬-白胡椒 (https://www.notion.so/237fd5adc30b8044ba5fc0e70e4f4061?pvs=21), 泰南烤雞-白胡椒 (https://www.notion.so/237fd5adc30b80fe81a1e01319f6215a?pvs=21), 茉莉豬頸肉-白胡椒 (https://www.notion.so/237fd5adc30b80d39b95d8f8921237a2?pvs=21), 早餐豬肉丸-白胡椒 (https://www.notion.so/237fd5adc30b80498011cd7c9893db1f?pvs=21)"
脆酥粉(黏師傅),佳良行,JL (https://www.notion.so/JL-237fd5adc30b80798c14e5c1a85eeb40?pvs=21),,0,,1000,2025年7月22日 下午7:23,未開始,0,公斤,80,,脆酥粉(黏師傅),經典炸粉-酥炸粉 (https://www.notion.so/237fd5adc30b80f9bee9f017e4fe8c6b?pvs=21)
雀巢保久乳,佳良行,JL (https://www.notion.so/JL-237fd5adc30b80798c14e5c1a85eeb40?pvs=21),,0.055,,,2025年7月22日 下午7:21,未開始,0,1 公斤,55,,雀巢保久乳,
地瓜粉,佳良行,JL (https://www.notion.so/JL-237fd5adc30b80798c14e5c1a85eeb40?pvs=21),,0.058,,1800,2025年7月22日 下午7:24,未開始,0,1 斤,35,,地瓜粉,經典炸粉-地瓜粉 (https://www.notion.so/237fd5adc30b80599800e8c89f8ed280?pvs=21)
在來米粉,佳良行,JL (https://www.notion.so/JL-237fd5adc30b80798c14e5c1a85eeb40?pvs=21),,0.087,,600,2025年7月22日 下午7:24,未開始,0,600 克,52,,在來米粉,經典炸粉-在來米粉 (https://www.notion.so/237fd5adc30b808e9901f50600c1aefc?pvs=21)
玉米粉,佳良行,JL (https://www.notion.so/JL-237fd5adc30b80798c14e5c1a85eeb40?pvs=21),,0.042,,,2025年7月22日 下午7:21,未開始,0,1 斤,25,,玉米粉,
白砂糖,佳良行,JL (https://www.notion.so/JL-237fd5adc30b80798c14e5c1a85eeb40?pvs=21),,0.037,,2970,2025年7月26日 上午3:51,未開始,0,1 斤,22,,白砂糖,"經典打拋醬-白砂糖 (https://www.notion.so/237fd5adc30b808f8913dae5a6aca9bb?pvs=21), 秘傳炸翅-白砂糖 (https://www.notion.so/237fd5adc30b80cfb87fc280a5a9f5f5?pvs=21), 經典蝦醬-白砂糖 (https://www.notion.so/237fd5adc30b80a8998bd4c37c4e0c25?pvs=21), 經典紅咖哩醬-白砂糖 (https://www.notion.so/237fd5adc30b807d933dd91a9e1ba2c1?pvs=21), 泰南烤雞-白砂糖 (https://www.notion.so/237fd5adc30b8045b343f431c6e1346a?pvs=21), 泰式奶茶-白砂糖 (https://www.notion.so/237fd5adc30b80e79592c46fe2a883a1?pvs=21), 泰式奶綠-白砂糖 (https://www.notion.so/237fd5adc30b80c6a153cfe276aca196?pvs=21), 泰式檸檬茶-白砂糖 (https://www.notion.so/237fd5adc30b8073bb7fcb688b994c2a?pvs=21), 泰式傳統咖啡-白砂糖 (https://www.notion.so/237fd5adc30b80719bfacc81ea75efdc?pvs=21), 煉乳檸檬-白砂糖 (https://www.notion.so/237fd5adc30b8028811cc8ee61ecea8a?pvs=21), 檸檬汁-白砂糖 (https://www.notion.so/237fd5adc30b80f2912ce88b66cced9b?pvs=21), 炸物醬(紅)-白砂糖 (https://www.notion.so/237fd5adc30b80cfb605d1dbc579b0d3?pvs=21), 海鮮醬(綠)-白砂糖 (https://www.notion.so/237fd5adc30b80508cbfefa1082f43cb?pvs=21), 烤物醬(棕)-白砂糖 (https://www.notion.so/237fd5adc30b80e8a0f5e58c908b8518?pvs=21), 椰奶糖漿-白砂糖 (https://www.notion.so/238fd5adc30b80fb97e4c19f257a74e0?pvs=21), 仙草凍-白砂糖 (https://www.notion.so/238fd5adc30b809582aece1cc35022c0?pvs=21), 花生粉-白砂糖 (https://www.notion.so/238fd5adc30b80cfbf2edd838a0b4ad5?pvs=21)"
黑糖,佳良行,JL (https://www.notion.so/JL-237fd5adc30b80798c14e5c1a85eeb40?pvs=21),,0,,,2025年7月22日 下午7:21,未開始,0,,0,,黑糖,
草菇,菜商,CS (https://www.notion.so/CS-237fd5adc30b80d2a644d3123a2c8aa1?pvs=21),,0,,,2025年7月22日 下午7:21,未開始,0,,0,,草菇,
無子檸檬,菜商,CS (https://www.notion.so/CS-237fd5adc30b80d2a644d3123a2c8aa1?pvs=21),,0.108,,600,2025年7月24日 上午10:56,未開始,600,1 斤,65,無子檸檬 (https://www.notion.so/238fd5adc30b8065ab6eef3edb549967?pvs=21),檸檬,
洋蔥,菜商,CS (https://www.notion.so/CS-237fd5adc30b80d2a644d3123a2c8aa1?pvs=21),,0.05,,1000,2025年7月24日 上午10:56,未開始,600,1 斤,30,洋蔥 (https://www.notion.so/238fd5adc30b8045b0cef3a904a59a4e?pvs=21),洋蔥,"經典紅咖哩醬-洋蔥 (https://www.notion.so/237fd5adc30b80da8bbeebc6764bc2d7?pvs=21), 酸辣湯底-洋蔥 (https://www.notion.so/237fd5adc30b809fa9cddf7cb6f56a91?pvs=21), 炸春捲-洋蔥 (https://www.notion.so/237fd5adc30b8011b7c6db980ed05ead?pvs=21), 經典綠咖哩醬-洋蔥 (https://www.notion.so/237fd5adc30b808a80c2d4743b497961?pvs=21), Laab羊-洋蔥 (https://www.notion.so/Laab-237fd5adc30b8076bf21fe589999c438?pvs=21)"
芋頭,菜商,CS (https://www.notion.so/CS-237fd5adc30b80d2a644d3123a2c8aa1?pvs=21),,0.117,,,2025年7月22日 下午7:21,未開始,0,1 斤,70,,芋頭,炸春捲-芋頭 (https://www.notion.so/237fd5adc30b809aab2eeeb0ccdad2e8?pvs=21)
鬼椒,菜商,CS (https://www.notion.so/CS-237fd5adc30b80d2a644d3123a2c8aa1?pvs=21),,0.267,,100,2025年7月22日 下午9:38,未開始,0,1 斤,160,,鬼椒,"經典打拋醬-鬼椒 (https://www.notion.so/237fd5adc30b805195a2c0030b4accab?pvs=21), 海鮮醬(綠)-鬼椒 (https://www.notion.so/237fd5adc30b80fda33eca38561d12f9?pvs=21)"
青蔥,菜商,CS (https://www.notion.so/CS-237fd5adc30b80d2a644d3123a2c8aa1?pvs=21),,0.25,,,2025年7月22日 下午7:21,未開始,0,0.5 斤,75,,青蔥,"舒肥海南雞-青蔥 (https://www.notion.so/237fd5adc30b808cbe32da6e85260bbb?pvs=21), 炸春捲-青蔥 (https://www.notion.so/237fd5adc30b8070877ac94e0f62d109?pvs=21), Laab羊-青蔥 (https://www.notion.so/Laab-237fd5adc30b800b8313ffb4ebb843e9?pvs=21), 烤物醬(棕)-青蔥 (https://www.notion.so/237fd5adc30b80c8a11cfee173ee6762?pvs=21)"
彩椒,菜商,CS (https://www.notion.so/CS-237fd5adc30b80d2a644d3123a2c8aa1?pvs=21),,0.311,,,2025年7月22日 下午7:21,未開始,0,1.5 斤,280,,彩椒,
香菇,菜商,CS (https://www.notion.so/CS-237fd5adc30b80d2a644d3123a2c8aa1?pvs=21),,0.2,,,2025年7月22日 下午7:21,未開始,0,1 斤,120,,香菇,
紫地瓜,菜商,CS (https://www.notion.so/CS-237fd5adc30b80d2a644d3123a2c8aa1?pvs=21),,0.1,,,2025年7月22日 下午7:21,未開始,0,1 斤,60,,紫地瓜,
黃地瓜,菜商,CS (https://www.notion.so/CS-237fd5adc30b80d2a644d3123a2c8aa1?pvs=21),,0.058,,600,2025年7月22日 下午7:25,未開始,0,1 斤,35,,黃地瓜,配菜組-地瓜 (https://www.notion.so/238fd5adc30b80908ba6c677552e4cfe?pvs=21)
菜脯,菜商,CS (https://www.notion.so/CS-237fd5adc30b80d2a644d3123a2c8aa1?pvs=21),,0.067,,600,2025年7月24日 上午10:55,未開始,600,1 斤,40,菜脯 (https://www.notion.so/238fd5adc30b80c687aae5475dac47c8?pvs=21),菜脯,經典帕泰-菜脯 (https://www.notion.so/237fd5adc30b8026b205fddc8e0b366e?pvs=21)
豆芽菜,菜商,CS (https://www.notion.so/CS-237fd5adc30b80d2a644d3123a2c8aa1?pvs=21),,0.02,,1200,2025年7月24日 上午10:55,未開始,1200,2 斤,24,豆芽菜 (https://www.notion.so/238fd5adc30b8023824eca064ec3ac54?pvs=21),豆芽菜,經典帕泰-豆芽菜 (https://www.notion.so/237fd5adc30b8082b3e8e05c497dd09d?pvs=21)
蝦米,菜商,CS (https://www.notion.so/CS-237fd5adc30b80d2a644d3123a2c8aa1?pvs=21),,0.467,,600,2025年7月22日 下午7:24,未開始,0,1 斤,280,,蝦米,"青木瓜醬-蝦米 (https://www.notion.so/237fd5adc30b805f9343e4580024d6e9?pvs=21), 經典蝦醬-蝦米 (https://www.notion.so/237fd5adc30b802593a8c47c441ade05?pvs=21), 經典帕泰-蝦米 (https://www.notion.so/237fd5adc30b805a81b0df79c86d0f50?pvs=21)"
薑,菜商,CS (https://www.notion.so/CS-237fd5adc30b80d2a644d3123a2c8aa1?pvs=21),,0.15,,,2025年7月22日 下午7:21,未開始,0,1 斤,90,,薑,舒肥海南雞-薑 (https://www.notion.so/237fd5adc30b80b09f4cd4dc20037fe9?pvs=21)
青木瓜,菜商,CS (https://www.notion.so/CS-237fd5adc30b80d2a644d3123a2c8aa1?pvs=21),,0.075,,1200,2025年7月22日 下午7:26,未開始,0,1 斤,45,,青木瓜,
鳳梨,菜商,CS (https://www.notion.so/CS-237fd5adc30b80d2a644d3123a2c8aa1?pvs=21),,84,,,2025年7月22日 下午7:21,未開始,0,1,84,,鳳梨,
小番茄,菜商,CS (https://www.notion.so/CS-237fd5adc30b80d2a644d3123a2c8aa1?pvs=21),,0.117,,800,2025年7月24日 上午10:56,未開始,600,1 斤,70,小番茄 (https://www.notion.so/238fd5adc30b80ff9e5bf4cb3d1d39dd?pvs=21),小番茄,配菜組-小番茄 (https://www.notion.so/238fd5adc30b8022a02ae99329428463?pvs=21)
板豆腐,菜商,CS (https://www.notion.so/CS-237fd5adc30b80d2a644d3123a2c8aa1?pvs=21),,0.125,,,2025年7月22日 下午7:21,未開始,0,1 斤,75,,板豆腐,
生菜(廣A),菜商,CS (https://www.notion.so/CS-237fd5adc30b80d2a644d3123a2c8aa1?pvs=21),,0.117,,,2025年7月22日 下午7:21,未開始,0,1 斤,70,,生菜(廣A),
大陸妹,菜商,CS (https://www.notion.so/CS-237fd5adc30b80d2a644d3123a2c8aa1?pvs=21),,0.117,,,2025年7月22日 下午7:21,未開始,0,1 斤,70,,大陸妹,
高麗菜,菜商,CS (https://www.notion.so/CS-237fd5adc30b80d2a644d3123a2c8aa1?pvs=21),,0.05,,900,2025年7月24日 上午10:56,未開始,700,1 斤,30,高麗菜 (https://www.notion.so/238fd5adc30b808690d2fc323ffedc4b?pvs=21),高麗菜,
菜豆,菜商,CS (https://www.notion.so/CS-237fd5adc30b80d2a644d3123a2c8aa1?pvs=21),,0.1,,1200,2025年7月24日 上午10:55,未開始,1200,2 斤,120,菜豆 (https://www.notion.so/238fd5adc30b80dd9ccbd97a6672d868?pvs=21),菜豆,"青木瓜醬-菜豆 (https://www.notion.so/237fd5adc30b807080e2ec1cc967c868?pvs=21), 經典紅咖哩醬-菜豆 (https://www.notion.so/237fd5adc30b8075b84ad54129459cd1?pvs=21), 經典打拋醬-菜豆 (https://www.notion.so/238fd5adc30b805383b5ef838586adf6?pvs=21)"
紫高麗菜,菜商,CS (https://www.notion.so/CS-237fd5adc30b80d2a644d3123a2c8aa1?pvs=21),,104,,,2025年7月22日 下午7:21,未開始,0,1,104,,紫高麗菜,
蒜仁,菜商,CS (https://www.notion.so/CS-237fd5adc30b80d2a644d3123a2c8aa1?pvs=21),,0.167,,600,2025年7月22日 下午7:25,未開始,0,1 斤,100,,蒜仁,"魚露炸腿-蒜仁 (https://www.notion.so/237fd5adc30b8079b798e9a9eb93400c?pvs=21), 青木瓜醬-蒜仁 (https://www.notion.so/237fd5adc30b80e897bec77015463344?pvs=21), 經典打拋醬-蒜仁 (https://www.notion.so/237fd5adc30b804a99eff661d00aa67d?pvs=21), 秘傳炸翅-蒜仁 (https://www.notion.so/237fd5adc30b8067a0b8ebb933cd8b91?pvs=21), 經典紅咖哩醬-蒜仁 (https://www.notion.so/237fd5adc30b801fae6ed6275cb1f90c?pvs=21), 鹽味翅小腿-蒜仁 (https://www.notion.so/237fd5adc30b80a6881acdf0b8fc9445?pvs=21), 酸辣湯底-蒜仁 (https://www.notion.so/237fd5adc30b80b08db4f7b7926535f1?pvs=21), 經典綠咖哩醬-蒜仁 (https://www.notion.so/237fd5adc30b806481f7eaed66dacc5b?pvs=21), 炸物醬(紅)-蒜仁 (https://www.notion.so/237fd5adc30b803fa73cc86a65fa835f?pvs=21), 海鮮醬(綠)-蒜仁 (https://www.notion.so/237fd5adc30b80f3a479ceae8f94f3fc?pvs=21), 經典蝦醬-蒜頭 (https://www.notion.so/239fd5adc30b805694a9cd16a3bd8514?pvs=21)"
小黃瓜,菜商,CS (https://www.notion.so/CS-237fd5adc30b80d2a644d3123a2c8aa1?pvs=21),,0.058,,675,2025年7月24日 上午10:56,未開始,600,1 斤,35,小黃瓜 (https://www.notion.so/238fd5adc30b808c8c0fea9d17908ea5?pvs=21),小黃瓜,配菜組-小黃瓜 (https://www.notion.so/238fd5adc30b80fe95bcf870771e72c6?pvs=21)
大辣椒,菜商,CS (https://www.notion.so/CS-237fd5adc30b80d2a644d3123a2c8aa1?pvs=21),,0.15,,600,2025年7月24日 上午10:55,未開始,600,1 斤,90,大辣椒 (https://www.notion.so/238fd5adc30b8042938cf836febd79fd?pvs=21),大辣椒,"青木瓜醬-大辣椒 (https://www.notion.so/237fd5adc30b805cb47be5a64e0b9af3?pvs=21), 經典打拋醬-大辣椒 (https://www.notion.so/237fd5adc30b80869189cf5374c179a7?pvs=21), 酸辣湯底-大辣椒 (https://www.notion.so/237fd5adc30b80de8732e4e9a6680853?pvs=21), Laab羊-辣椒 (https://www.notion.so/Laab-237fd5adc30b8001a9c4c8725815f0a9?pvs=21)"
韭菜,菜商,CS (https://www.notion.so/CS-237fd5adc30b80d2a644d3123a2c8aa1?pvs=21),,0.067,,300,2025年7月24日 上午10:55,未開始,300,0.5 斤,20,韭菜 (https://www.notion.so/238fd5adc30b80259912e6471d9d50c9?pvs=21),韭菜,經典帕泰-韭菜 (https://www.notion.so/237fd5adc30b802ab167edf83ef2cd8d?pvs=21)
香菜,菜商,CS (https://www.notion.so/CS-237fd5adc30b80d2a644d3123a2c8aa1?pvs=21),,0.178,,150,2025年7月22日 下午9:50,未開始,0,0.375 斤,40,,香菜,"海鮮醬(綠)-香菜 (https://www.notion.so/237fd5adc30b8087ac98c44d4b562065?pvs=21), 烤物醬(棕)-香菜 (https://www.notion.so/237fd5adc30b806499d2fcfa32691223?pvs=21)"
龍骨,菜商,CS (https://www.notion.so/CS-237fd5adc30b80d2a644d3123a2c8aa1?pvs=21),,0.133,,,2025年7月22日 下午7:21,未開始,0,1 斤,80,,龍骨,
香茅,泓潔,HJ (https://www.notion.so/HJ-237fd5adc30b80b19761e0adc9cb9b8b?pvs=21),,0.142,,,2025年7月22日 下午7:21,未開始,0,1 斤,85,,香茅,魚露炸腿-香茅 (https://www.notion.so/237fd5adc30b808ba1abefb7cf081b3b?pvs=21)
紅葱穗,菜商,CS (https://www.notion.so/CS-237fd5adc30b80d2a644d3123a2c8aa1?pvs=21),,0.167,,700,2025年7月24日 上午10:56,未開始,600,1 斤,100,紅葱穗 (https://www.notion.so/238fd5adc30b80959934f75c2fe23f12?pvs=21),紅葱頭,"舒肥沙爹咖喱雞-紅蔥頭 (https://www.notion.so/237fd5adc30b804abda1feb001bb2a74?pvs=21), 魚露炸腿-紅蔥頭 (https://www.notion.so/237fd5adc30b80a281c3dffa2344f5cf?pvs=21), 秘傳炸翅-紅蔥頭 (https://www.notion.so/237fd5adc30b8009bc4dd359547823d8?pvs=21), 經典紅咖哩醬-紅蔥頭 (https://www.notion.so/237fd5adc30b80ae9cacf5c132db3802?pvs=21), 鹽味翅小腿-紅蔥頭 (https://www.notion.so/237fd5adc30b80139bd8dd103d00a850?pvs=21), 經典綠咖哩醬-紅蔥頭 (https://www.notion.so/237fd5adc30b80b1972add674b8ab033?pvs=21), Laab羊-紅蔥頭 (https://www.notion.so/Laab-237fd5adc30b804c81c1c114cef79551?pvs=21), 炸物醬(紅)-紅蔥頭 (https://www.notion.so/237fd5adc30b801f9727c1b3c8b7e15e?pvs=21), 烤物醬(棕)-紅蔥頭 (https://www.notion.so/237fd5adc30b8089b9a9d1a807c6949b?pvs=21)"
花生仁,菜商,CS (https://www.notion.so/CS-237fd5adc30b80d2a644d3123a2c8aa1?pvs=21),,0.217,,600,2025年7月24日 上午10:55,未開始,600,1 斤,130,花生仁 (https://www.notion.so/238fd5adc30b80d099a0dfaaebf3e45a?pvs=21),花生,"青木瓜醬-花生 (https://www.notion.so/237fd5adc30b806ea14bf46b4345befb?pvs=21), 花生粉-花生仁 (https://www.notion.so/238fd5adc30b80008617e85158120bb2?pvs=21)"
薄荷,菜商,CS (https://www.notion.so/CS-237fd5adc30b80d2a644d3123a2c8aa1?pvs=21),,0.667,,,2025年7月22日 下午7:21,未開始,0,0.25 斤,100,,薄荷,
鹹蛋,菜商,CS (https://www.notion.so/CS-237fd5adc30b80d2a644d3123a2c8aa1?pvs=21),,12,,,2025年7月22日 下午7:21,未開始,0,1 個,12,,鹹蛋,
杏鮑菇,菜商,CS (https://www.notion.so/CS-237fd5adc30b80d2a644d3123a2c8aa1?pvs=21),,0.133,,600,2025年7月22日 下午7:26,未開始,0,1 斤,80,,杏鮑菇,"經典紅咖哩醬-杏鮑菇 (https://www.notion.so/237fd5adc30b8039b1cbe37cf4874378?pvs=21), 經典綠咖哩醬-杏鮑菇 (https://www.notion.so/237fd5adc30b802d9029e572a5b6c103?pvs=21)"
皮蛋,菜商,CS (https://www.notion.so/CS-237fd5adc30b80d2a644d3123a2c8aa1?pvs=21),,12,,,2025年7月22日 下午7:21,未開始,0,1 個,12,,皮蛋,
白靈菇,菜商,CS (https://www.notion.so/CS-237fd5adc30b80d2a644d3123a2c8aa1?pvs=21),,0.2,,,2025年7月22日 下午7:21,未開始,0,1 斤,120,,白靈菇,
雞骨架,菜商,CS (https://www.notion.so/CS-237fd5adc30b80d2a644d3123a2c8aa1?pvs=21),,0.05,,,2025年7月22日 下午7:21,未開始,0,1 斤,30,,雞骨架,
紅蘿蔔,菜商,CS (https://www.notion.so/CS-237fd5adc30b80d2a644d3123a2c8aa1?pvs=21),,0.038,,,2025年7月22日 下午7:21,未開始,0,1 斤,23,,紅蘿蔔,
小排,菜商,CS (https://www.notion.so/CS-237fd5adc30b80d2a644d3123a2c8aa1?pvs=21),,0.25,,,2025年7月22日 下午7:21,未開始,0,1 斤,150,,小排,
大蛤蜊,菜商,CS (https://www.notion.so/CS-237fd5adc30b80d2a644d3123a2c8aa1?pvs=21),,0.167,,,2025年7月22日 下午7:21,未開始,0,1 斤,100,,大蛤蜊,
豆干,菜商,CS (https://www.notion.so/CS-237fd5adc30b80d2a644d3123a2c8aa1?pvs=21),,0.053,,800,2025年7月22日 下午7:24,未開始,0,1 斤,32,,豆干,經典帕泰-豆干 (https://www.notion.so/237fd5adc30b804abeb0c8c3b3d8d88a?pvs=21)
空心菜,菜商,CS (https://www.notion.so/CS-237fd5adc30b80d2a644d3123a2c8aa1?pvs=21),,0.067,,1000,2025年7月24日 上午10:56,未開始,600,1 斤,40,空心菜 (https://www.notion.so/238fd5adc30b80b89a45c266e08e4907?pvs=21),空心菜,
南薑,泓潔,HJ (https://www.notion.so/HJ-237fd5adc30b80b19761e0adc9cb9b8b?pvs=21),,0.3,,,2025年7月22日 下午7:21,未開始,0,200 克,60,,南薑,舒肥海南雞-南薑 (https://www.notion.so/237fd5adc30b8068996cec05a4b5a8b5?pvs=21)
魚露,泓潔,HJ (https://www.notion.so/HJ-237fd5adc30b80b19761e0adc9cb9b8b?pvs=21),,0.06,,2100,2025年7月22日 下午7:26,未開始,0,700 克,42,,魚露,"舒肥沙爹咖喱雞-魚露 (https://www.notion.so/237fd5adc30b8006a09dfe31ebf3e1ce?pvs=21), 帕泰醬-魚露 (https://www.notion.so/237fd5adc30b808eb1a0dbbc35533be8?pvs=21), 魚露炸腿-魚露 (https://www.notion.so/237fd5adc30b801f85e3d2465992677d?pvs=21), 青木瓜醬-魚露 (https://www.notion.so/237fd5adc30b80fb972dd059da492f5d?pvs=21), 秘傳炸翅-魚露 (https://www.notion.so/237fd5adc30b801fb028ec2407e00a8b?pvs=21), 舒肥薑黃咖喱雞-魚露 (https://www.notion.so/237fd5adc30b802ea547ebebb2ecabab?pvs=21), 泰南烤雞-魚露 (https://www.notion.so/237fd5adc30b801f926bc5b92665daae?pvs=21), 鹽味翅小腿-魚露 (https://www.notion.so/237fd5adc30b8035b662d516ac5bc25d?pvs=21), 早餐豬肉丸-魚露 (https://www.notion.so/237fd5adc30b8067a299cf3dfef8591c?pvs=21), 酸辣湯底-魚露 (https://www.notion.so/237fd5adc30b80d89111f49609de65da?pvs=21), 炸春捲-魚露 (https://www.notion.so/237fd5adc30b80ecac4ed4991470bea8?pvs=21), 經典綠咖哩醬-魚露 (https://www.notion.so/237fd5adc30b8071a047e4ae0025c86a?pvs=21), Laab羊-魚露 (https://www.notion.so/Laab-237fd5adc30b80f68bd3c6c4d4d27345?pvs=21), 炸物醬(紅)-魚露 (https://www.notion.so/237fd5adc30b80f4bbf2dd999691b003?pvs=21), 海鮮醬(綠)-魚露 (https://www.notion.so/237fd5adc30b80b5aa94fff87eac8900?pvs=21), 烤物醬(棕)-魚露 (https://www.notion.so/237fd5adc30b801ab11ff87d2f70e217?pvs=21), 經典紅咖哩醬-魚露 (https://www.notion.so/237fd5adc30b80ba9269ef8865c638c2?pvs=21)"
辣椒膏,泓潔,HJ (https://www.notion.so/HJ-237fd5adc30b80b19761e0adc9cb9b8b?pvs=21),,0.38,,500,2025年7月22日 下午7:24,未開始,0,500 克,190,,辣椒膏,酸辣湯底-辣椒膏 (https://www.notion.so/237fd5adc30b80f0a6ffc430c4fd35ea?pvs=21)
打抛粉,泓潔,HJ (https://www.notion.so/HJ-237fd5adc30b80b19761e0adc9cb9b8b?pvs=21),,0.5,,3400,2025年7月22日 下午9:42,未開始,0,50 克,25,,打抛粉,經典打拋醬-打拋粉 (https://www.notion.so/237fd5adc30b80f18a4ad23f6484b36a?pvs=21)
馬努拉蝦片,泓潔,HJ (https://www.notion.so/HJ-237fd5adc30b80b19761e0adc9cb9b8b?pvs=21),,0.275,,1510,2025年7月26日 上午3:41,未開始,0,200 克,55,,馬努拉蝦片,馬努拉蝦片-蝦片 (https://www.notion.so/237fd5adc30b80b280b8e9e25c44cbbd?pvs=21)
春捲皮,泓潔,HJ (https://www.notion.so/HJ-237fd5adc30b80b19761e0adc9cb9b8b?pvs=21),,0.104,,,2025年7月22日 下午7:21,未開始,0,500 克,52,,春捲皮,炸春捲-春捲皮 (https://www.notion.so/237fd5adc30b802bba51e7255fb679b0?pvs=21)
蝦醬,泓潔,HJ (https://www.notion.so/HJ-237fd5adc30b80b19761e0adc9cb9b8b?pvs=21),,0.6,,200,2025年7月22日 下午9:40,未開始,0,200 克,120,,蝦醬,經典蝦醬-蝦醬 (https://www.notion.so/237fd5adc30b80dd8a68e0b955e0fd4b?pvs=21)
打拋粉,泓潔,HJ (https://www.notion.so/HJ-237fd5adc30b80b19761e0adc9cb9b8b?pvs=21),,0.48,,3450,2025年7月22日 下午7:25,未開始,0,50 克,24,,打拋粉,經典打拋醬-打拋粉 (https://www.notion.so/237fd5adc30b80f18a4ad23f6484b36a?pvs=21)
泰國茉莉香米,泓潔,HJ (https://www.notion.so/HJ-237fd5adc30b80b19761e0adc9cb9b8b?pvs=21),,0.051,,15000,2025年7月22日 下午9:33,未開始,0,50 斤,1525,,泰國茉莉香米,茉莉香米-米 (https://www.notion.so/238fd5adc30b80ba9927cbf0a3c05640?pvs=21)
奶水,泓潔,HJ (https://www.notion.so/HJ-237fd5adc30b80b19761e0adc9cb9b8b?pvs=21),,0.093,,2000,2025年7月22日 下午7:24,未開始,0,400 克,37,,奶水,"茉莉豬頸肉-奶水 (https://www.notion.so/237fd5adc30b80638cfdcc371e19a076?pvs=21), 泰式奶茶-奶水 (https://www.notion.so/237fd5adc30b80f6823efd30567d38c2?pvs=21), 泰式奶綠-奶水 (https://www.notion.so/237fd5adc30b80d78bb5d92901656053?pvs=21), 泰式傳統咖啡-奶水 (https://www.notion.so/237fd5adc30b80d69847d3bec688b939?pvs=21)"
肉骨茶包,泓潔,HJ (https://www.notion.so/HJ-237fd5adc30b80b19761e0adc9cb9b8b?pvs=21),,0,,,2025年7月22日 下午7:21,未開始,0,,90,,肉骨茶包,
辣椒粉,佳良行,JL (https://www.notion.so/JL-237fd5adc30b80798c14e5c1a85eeb40?pvs=21),,0.273,,0,2025年7月22日 下午10:05,未開始,0,300 克,82,,辣椒粉,"舒肥沙爹咖喱雞-辣椒粉 (https://www.notion.so/237fd5adc30b8078a824ff4f6444105b?pvs=21), 烤物醬(棕)-辣椒粉 (https://www.notion.so/237fd5adc30b8085a2cbc04b9d6e5422?pvs=21)"
手標紅茶粉,泓潔,HJ (https://www.notion.so/HJ-237fd5adc30b80b19761e0adc9cb9b8b?pvs=21),,0.345,,800,2025年7月22日 下午7:25,未開始,0,400 克,138,,手標紅茶粉,"泰式奶茶-紅茶粉 (https://www.notion.so/237fd5adc30b8020b846c97b99408883?pvs=21), 泰式檸檬茶-紅茶葉 (https://www.notion.so/237fd5adc30b804da519e05e38893ab7?pvs=21)"
手標綠茶,泓潔,HJ (https://www.notion.so/HJ-237fd5adc30b80b19761e0adc9cb9b8b?pvs=21),,0.6,,1000,2025年7月22日 下午7:26,未開始,0,200 克,120,,手標綠茶,泰式奶綠-奶綠粉 (https://www.notion.so/237fd5adc30b80dfab2eca6035eca945?pvs=21)
夜巴濃辣椒油,泓潔,HJ (https://www.notion.so/HJ-237fd5adc30b80b19761e0adc9cb9b8b?pvs=21),,0.173,,1500,2025年7月22日 下午9:28,未開始,0,750 克,130,,夜巴濃辣椒油,經典帕泰-蝦油 (https://www.notion.so/238fd5adc30b8057b039ea828e85b271?pvs=21)
椰奶(AROY-D),泓潔,HJ (https://www.notion.so/HJ-237fd5adc30b80b19761e0adc9cb9b8b?pvs=21),,0.085,,,2025年7月22日 下午7:21,未開始,0,1000 克,85,,椰奶(AROY-D),舒肥沙爹咖喱雞-椰奶 (https://www.notion.so/237fd5adc30b804499b6de12f3e63161?pvs=21)
LEO啤酒,泓潔,HJ (https://www.notion.so/HJ-237fd5adc30b80b19761e0adc9cb9b8b?pvs=21),,0.091,,,2025年7月22日 下午7:21,未開始,0,330 ml,30,,LEO啤酒,
豆鼓王(仁何園-黃標),泓潔,HJ (https://www.notion.so/HJ-237fd5adc30b80b19761e0adc9cb9b8b?pvs=21),,0.071,,0,2025年7月22日 下午9:42,未開始,0,800 克,57,,豆鼓王(仁何園-黃標),
羅望子,泓潔,HJ (https://www.notion.so/HJ-237fd5adc30b80b19761e0adc9cb9b8b?pvs=21),,0.159,,1360,2025年7月22日 下午7:27,未開始,0,454 克,72,,羅望子,"舒肥沙爹咖喱雞-羅望子 (https://www.notion.so/237fd5adc30b809da591cd6161f60785?pvs=21), 帕泰醬-羅望子 (https://www.notion.so/237fd5adc30b80bdac68fdbb7ba140c4?pvs=21), 青木瓜醬-羅望子 (https://www.notion.so/237fd5adc30b80e6acd9e04c71c9faad?pvs=21), 酸辣湯底-羅望子 (https://www.notion.so/237fd5adc30b801ba8fbd1fac6e3b224?pvs=21), Laab羊-羅望子 (https://www.notion.so/Laab-237fd5adc30b80bbbf87f0dd4627076d?pvs=21), 烤物醬(棕)-羅望子 (https://www.notion.so/237fd5adc30b804b9297e1b2b582b6c9?pvs=21)"
黃咖喱(COCK),泓潔,HJ (https://www.notion.so/HJ-237fd5adc30b80b19761e0adc9cb9b8b?pvs=21),,0.136,,,2025年7月22日 下午7:21,未開始,0,500 克,68,,黃咖喱(COCK),"舒肥沙爹咖喱雞-黃咖哩 (https://www.notion.so/237fd5adc30b80918e69d66889a17d8b?pvs=21), 舒肥薑黃咖喱雞-黃咖哩 (https://www.notion.so/237fd5adc30b80d18b5fdd0799f6f1c1?pvs=21)"
澱粉條505,泓潔,HJ (https://www.notion.so/HJ-237fd5adc30b80b19761e0adc9cb9b8b?pvs=21),,0.094,,10000,2025年7月22日 下午9:26,未開始,0,500 克,47,,澱粉條505,經典帕泰-河粉 (https://www.notion.so/237fd5adc30b80139197ca6b5216931e?pvs=21)
打拋醬(花鐘),泓潔,HJ (https://www.notion.so/HJ-237fd5adc30b80b19761e0adc9cb9b8b?pvs=21),,0.235,,1360,2025年7月22日 下午7:26,未開始,0,680 克,160,,打拋醬(花鐘),經典打拋醬-打拋醬 (https://www.notion.so/237fd5adc30b808cb016c0cfd5397d75?pvs=21)
紅咖哩(有心),泓潔,HJ (https://www.notion.so/HJ-237fd5adc30b80b19761e0adc9cb9b8b?pvs=21),,0.15,,1500,2025年7月22日 下午7:26,未開始,0,500 克,75,,紅咖哩(有心),經典紅咖哩醬-紅咖哩醬 (https://www.notion.so/237fd5adc30b8052a603f8185ffc42ad?pvs=21)
綠咖哩(有心),泓潔,HJ (https://www.notion.so/HJ-237fd5adc30b80b19761e0adc9cb9b8b?pvs=21),,0.15,,500,2025年7月22日 下午7:26,未開始,0,500 克,75,,綠咖哩(有心),"經典綠咖哩醬-綠咖哩醬 (https://www.notion.so/237fd5adc30b8007aac6ddafe41bfa65?pvs=21), 經典綠咖哩醬-椰漿粉 (https://www.notion.so/237fd5adc30b80d9b238f3db6ea9e5ac?pvs=21)"
芫荽子,泓潔,HJ (https://www.notion.so/HJ-237fd5adc30b80b19761e0adc9cb9b8b?pvs=21),,0.45,,300,2025年7月22日 下午9:40,未開始,0,200 克,90,,芫荽子,"秘傳炸翅-芫荽子 (https://www.notion.so/237fd5adc30b808181b8da0ac5f20ce4?pvs=21), 泰南烤雞-芫荽子 (https://www.notion.so/237fd5adc30b80929536c0ce7104732a?pvs=21), 茉莉豬頸肉-芫荽子 (https://www.notion.so/237fd5adc30b805baf79ff97df516819?pvs=21)"
雞胸肉,東莉,DL (https://www.notion.so/DL-237fd5adc30b80c89eb3ebead8c70904?pvs=21),,0.142,,6000,2025年7月22日 下午7:26,未開始,0,6 公斤,850,,雞胸肉,"舒肥海南雞-雞胸肉 (https://www.notion.so/237fd5adc30b80489024ca9158360677?pvs=21), 舒肥沙爹咖喱雞-雞胸肉 (https://www.notion.so/237fd5adc30b80858790dfc21e01c4b6?pvs=21), 舒肥薑黃咖喱雞-雞胸肉 (https://www.notion.so/237fd5adc30b8024b047d4d030fff3c9?pvs=21), 泰南烤雞-雞胸肉 (https://www.notion.so/237fd5adc30b80a6b7f3e3249975810e?pvs=21), 切片雞胸肉-雞胸肉 (https://www.notion.so/238fd5adc30b80f39471df7376ddd6b7?pvs=21), 經典打拋醬-雞肉 (https://www.notion.so/238fd5adc30b80268bf6c73bc4807cb2?pvs=21)"
翅小腿,東莉,DL (https://www.notion.so/DL-237fd5adc30b80c89eb3ebead8c70904?pvs=21),,0.097,,0,2025年7月22日 下午7:26,未開始,0,6 公斤,580,,翅小腿,鹽味翅小腿-翅小腿 (https://www.notion.so/237fd5adc30b801a83edd9a245832e4f?pvs=21)
翅中,東莉,DL (https://www.notion.so/DL-237fd5adc30b80c89eb3ebead8c70904?pvs=21),,0.11,,,2025年7月22日 下午7:21,未開始,0,6 公斤,660,,翅中,
去骨腿排,東莉,DL (https://www.notion.so/DL-237fd5adc30b80c89eb3ebead8c70904?pvs=21),,0.148,,0,2025年7月22日 下午7:27,未開始,0,12 公斤,1770,,去骨腿排,魚露炸腿-去骨腿排 (https://www.notion.so/237fd5adc30b80c88800c5175c8e9b6a?pvs=21)
二節翅,東莉,DL (https://www.notion.so/DL-237fd5adc30b80c89eb3ebead8c70904?pvs=21),,0.108,,6000,2025年7月24日 上午10:46,未開始,6000,6 公斤,650,二節翅 (https://www.notion.so/238fd5adc30b80399e1ef4458b774b9b?pvs=21),二節翅,秘傳炸翅-二節翅 (https://www.notion.so/237fd5adc30b807ca220cf75ed568981?pvs=21)
松坂肉,東莉,DL (https://www.notion.so/DL-237fd5adc30b80c89eb3ebead8c70904?pvs=21),,0.42,,,2025年7月22日 下午7:21,未開始,0,100 克,42,,松坂肉,茉莉豬頸肉-松板肉 (https://www.notion.so/237fd5adc30b80c49542c5656ea5a200?pvs=21)
帶皮豬頸肉絲,東莉,DL (https://www.notion.so/DL-237fd5adc30b80c89eb3ebead8c70904?pvs=21),,0.12,,,2025年7月22日 下午7:21,未開始,0,3 公斤,360,,帶皮豬頸肉絲,
小油條脆薯,東莉,DL (https://www.notion.so/DL-237fd5adc30b80c89eb3ebead8c70904?pvs=21),,0,,,2025年7月22日 下午7:21,未開始,0,,0,,小油條脆薯,
白蝦,坎仔頂,KZD (https://www.notion.so/KZD-237fd5adc30b80e2ae24c90e8652482e?pvs=21),,0.4,,2000,2025年7月22日 下午7:24,未開始,0,800 克,320,,白蝦,剝殼白蝦-白蝦 (https://www.notion.so/238fd5adc30b8062aa18fc48e494503d?pvs=21)
透抽,坎仔頂,KZD (https://www.notion.so/KZD-237fd5adc30b80e2ae24c90e8652482e?pvs=21),,0.5,,,2025年7月22日 下午7:21,未開始,0,1 斤,300,,透抽,
經典青木瓜,Tanawat,TANA (https://www.notion.so/TANA-237fd5adc30b80aa844fe9be9e8ea04f?pvs=21),,0.125,,,2025年7月22日 下午7:21,未開始,0,440 克,55,,經典青木瓜,
調製打拋醬,Tanawat,TANA (https://www.notion.so/TANA-237fd5adc30b80aa844fe9be9e8ea04f?pvs=21),,0.333,,,2025年7月22日 下午7:21,未開始,0,1080 克,360,,調製打拋醬,
舒肥沙爹咖喱雞,Tanawat,TANA (https://www.notion.so/TANA-237fd5adc30b80aa844fe9be9e8ea04f?pvs=21),,0.176,,,2025年7月22日 下午7:21,未開始,0,1000 克,176.2,,舒肥沙爹咖喱雞,
舒肥打拋雞,Tanawat,TANA (https://www.notion.so/TANA-237fd5adc30b80aa844fe9be9e8ea04f?pvs=21),,0.198,,,2025年7月22日 下午7:21,未開始,0,6000 克,1190,,舒肥打拋雞,
海南舒肥雞,Tanawat,TANA (https://www.notion.so/TANA-237fd5adc30b80aa844fe9be9e8ea04f?pvs=21),,0.165,,,2025年7月22日 下午7:21,未開始,0,500 克,82.5,,海南舒肥雞,
薑黃雞胸肉,Tanawat,TANA (https://www.notion.so/TANA-237fd5adc30b80aa844fe9be9e8ea04f?pvs=21),,0.166,,,2025年7月22日 下午7:21,未開始,0,1000 克,166,,薑黃雞胸肉,
裝飾小菜,Tanawat,TANA (https://www.notion.so/TANA-237fd5adc30b80aa844fe9be9e8ea04f?pvs=21),,0.2,,,2025年7月22日 下午7:21,未開始,0,1 斤,120,,裝飾小菜,
裝飾生菜(高麗菜),Tanawat,TANA (https://www.notion.so/TANA-237fd5adc30b80aa844fe9be9e8ea04f?pvs=21),,0.125,,,2025年7月22日 下午7:21,未開始,0,1 斤,75,,裝飾生菜(高麗菜),
魚露炸腿,Tanawat,TANA (https://www.notion.so/TANA-237fd5adc30b80aa844fe9be9e8ea04f?pvs=21),,0.116,,,2025年7月22日 下午7:21,未開始,0,12 公斤,1391,,魚露炸腿,
鹽味翅小腿,Tanawat,TANA (https://www.notion.so/TANA-237fd5adc30b80aa844fe9be9e8ea04f?pvs=21),,0.09,,,2025年7月22日 下午7:21,未開始,0,6395 克,575,,鹽味翅小腿,
醃製豬頸肉,Tanawat,TANA (https://www.notion.so/TANA-237fd5adc30b80aa844fe9be9e8ea04f?pvs=21),,0.471,,,2025年7月22日 下午7:21,未開始,0,5500 克,2592,,醃製豬頸肉,
鮮蝦帕泰醬,Tanawat,TANA (https://www.notion.so/TANA-237fd5adc30b80aa844fe9be9e8ea04f?pvs=21),,0.074,,,2025年7月22日 下午7:21,未開始,0,1080 克,80,,鮮蝦帕泰醬,
河粉,Tanawat,TANA (https://www.notion.so/TANA-237fd5adc30b80aa844fe9be9e8ea04f?pvs=21),,0.04,,,2025年7月22日 下午9:32,未開始,0,165 克,6.67,,河粉,
打拋醬（TANAWAT),Tanawat,TANA (https://www.notion.so/TANA-237fd5adc30b80aa844fe9be9e8ea04f?pvs=21),,0.264,,,2025年7月22日 下午7:21,未開始,0,1220 克,322,,打拋醬（TANAWAT),
捲餅皮,好事多,HSD (https://www.notion.so/HSD-237fd5adc30b8088bab1d4d8e9ffb4a0?pvs=21),,0.017,,,2025年7月22日 下午7:21,未開始,0,1 斤,10,,捲餅皮,
醋,好事多,HSD (https://www.notion.so/HSD-237fd5adc30b8088bab1d4d8e9ffb4a0?pvs=21),,0.05,,2000,2025年7月22日 下午8:15,未開始,0,5 公斤,249,,醋,"帕泰醬-醋 (https://www.notion.so/237fd5adc30b80409979e1c1563af5c6?pvs=21), 炸物醬(紅)-醋 (https://www.notion.so/237fd5adc30b808cb598d7ec24cdbe3f?pvs=21)"
泰式辣椒醬,好事多,HSD (https://www.notion.so/HSD-237fd5adc30b8088bab1d4d8e9ffb4a0?pvs=21),,0.478,,400,2025年7月22日 下午9:35,未開始,0,500 克,239,,泰式辣椒醬,炸物醬(紅)-泰式酸辣醬 (https://www.notion.so/237fd5adc30b80f0b0abd2d0ad8cb247?pvs=21)
國寶茶,好事多,HSD (https://www.notion.so/HSD-237fd5adc30b8088bab1d4d8e9ffb4a0?pvs=21),,0,,700,2025年7月22日 下午7:26,未開始,0,,239,,國寶茶,經典國寶茶-國寶茶葉 (https://www.notion.so/237fd5adc30b805d9871de34e8174ce5?pvs=21)
豬絞肉,洋基,YJ (https://www.notion.so/YJ-237fd5adc30b80d99e59cd54b975744c?pvs=21),,0.158,,3000,2025年7月22日 下午7:24,未開始,0,1 斤,95,,豬絞肉,"早餐豬肉丸-豬絞肉 (https://www.notion.so/237fd5adc30b80ebb5fff66ad6f9232c?pvs=21), 炸春捲-豬絞肉 (https://www.notion.so/237fd5adc30b80f29b9cd5960a55d86d?pvs=21), 經典打拋醬-豬肉 (https://www.notion.so/238fd5adc30b80eeb6b6fc93231195c4?pvs=21)"
牛肉片,洋基,YJ (https://www.notion.so/YJ-237fd5adc30b80d99e59cd54b975744c?pvs=21),,0.32,,0,2025年7月22日 下午9:40,未開始,0,1 公斤,320,,牛肉片,
檸檬葉,自產,HJ (https://www.notion.so/HJ-237fd5adc30b80b19761e0adc9cb9b8b?pvs=21),,1,,,2025年7月22日 下午7:21,未開始,0,600 克,600,,檸檬葉,"魚露炸腿-檸檬葉 (https://www.notion.so/237fd5adc30b8067aa8be308ea0b8443?pvs=21), 舒肥薑黃咖喱雞-檸檬葉 (https://www.notion.so/237fd5adc30b8012a03fcfb167f7f3bc?pvs=21)"
水,自產,TANA (https://www.notion.so/TANA-237fd5adc30b80aa844fe9be9e8ea04f?pvs=21),,0.001,,199980,2025年7月26日 上午3:51,未開始,0,1 公斤,1,,水,"舒肥海南雞-水 (https://www.notion.so/237fd5adc30b8065836dce59222d2fe0?pvs=21), 經典紅咖哩醬-水 (https://www.notion.so/237fd5adc30b808e8205f7fd732624f4?pvs=21), 舒肥薑黃咖喱雞-水 (https://www.notion.so/237fd5adc30b805cb3abc73787f78381?pvs=21), 酸辣湯底-水 (https://www.notion.so/237fd5adc30b808bb9aae04ac9615991?pvs=21), 泰式奶茶-水 (https://www.notion.so/237fd5adc30b8046bc84e1a3fd7972b4?pvs=21), 經典綠咖哩醬-水 (https://www.notion.so/237fd5adc30b808db5a8f03233a4171e?pvs=21), 泰式奶綠-水 (https://www.notion.so/237fd5adc30b80ac8de4fe73f9452e4e?pvs=21), 泰式檸檬茶-水 (https://www.notion.so/237fd5adc30b80da9c00e57e72e93489?pvs=21), 經典國寶茶-水 (https://www.notion.so/237fd5adc30b80f0be50d44fadf9e732?pvs=21), 泰式傳統咖啡-水 (https://www.notion.so/237fd5adc30b800483e4f1163f92d57c?pvs=21), 煉乳檸檬-水 (https://www.notion.so/237fd5adc30b809f8f01eb6eb3568fbd?pvs=21), 檸檬汁-水 (https://www.notion.so/237fd5adc30b80adb3b2f08e38440c67?pvs=21), 炸物醬(紅)-水 (https://www.notion.so/237fd5adc30b80668d97ee627187183a?pvs=21), 椰奶糖漿-水 (https://www.notion.so/238fd5adc30b80c59a21f2ec3a9b1b60?pvs=21), 仙草凍-水 (https://www.notion.so/238fd5adc30b801ea110e4fe693f0f9c?pvs=21)"
檸檬汁,泓潔,HJ (https://www.notion.so/HJ-237fd5adc30b80b19761e0adc9cb9b8b?pvs=21),,0.156,,1600,2025年7月22日 下午7:27,未開始,0,800 克,125,,檸檬汁,"青木瓜醬-檸檬汁 (https://www.notion.so/237fd5adc30b8033852fdb0aa7d442b6?pvs=21), 酸辣湯底-檸檬汁 (https://www.notion.so/237fd5adc30b80479375c836e8056343?pvs=21), Laab羊-檸檬汁 (https://www.notion.so/Laab-237fd5adc30b804c9e69e1f600190e50?pvs=21), 泰式檸檬茶-檸檬汁 (https://www.notion.so/237fd5adc30b806e8a3def56c0d71e27?pvs=21), 煉乳檸檬-檸檬汁 (https://www.notion.so/237fd5adc30b8082af73c8984e61b95a?pvs=21), 檸檬汁-檸檬汁 (https://www.notion.so/237fd5adc30b80efbde7c4bbff356840?pvs=21), 炸物醬(紅)-檸檬汁 (https://www.notion.so/237fd5adc30b803c9264d7ae0b553eda?pvs=21), 海鮮醬(綠)-檸檬汁 (https://www.notion.so/237fd5adc30b8041afebf7d0aaa96c24?pvs=21), 烤物醬(棕)-檸檬汁 (https://www.notion.so/237fd5adc30b800ca89bc1bd8a9fc24b?pvs=21)"
雞蛋,蛋商,YZ (https://www.notion.so/YZ-237fd5adc30b80319167fa5df753bc7b?pvs=21),,0.072,,5000,2025年7月22日 下午7:27,未開始,0,20 斤,860,,雞蛋,"經典帕泰-雞蛋 (https://www.notion.so/237fd5adc30b80b393fddc00a24b08ff?pvs=21), 泰式炸蛋-雞蛋 (https://www.notion.so/238fd5adc30b8093b168d88a66e3e904?pvs=21)"
咖啡豆,好事多,HSD (https://www.notion.so/HSD-237fd5adc30b8088bab1d4d8e9ffb4a0?pvs=21),,0,,,2025年7月22日 下午7:21,未開始,0,,0,,咖啡豆,
番茄胡,佳良行,JL (https://www.notion.so/JL-237fd5adc30b80798c14e5c1a85eeb40?pvs=21),,0.079,,,2025年7月22日 下午7:21,未開始,0,2.8 公斤,220,,番茄胡,
椰漿粉,佳良行,JL (https://www.notion.so/JL-237fd5adc30b80798c14e5c1a85eeb40?pvs=21),,0.37,,0,2025年7月22日 下午9:41,未開始,0,1 公斤,370,,椰漿粉,"經典紅咖哩醬-椰漿粉 (https://www.notion.so/237fd5adc30b80df81bdd1919edf53e2?pvs=21), 舒肥薑黃咖喱雞-椰漿粉 (https://www.notion.so/237fd5adc30b8013adbbdd9776f9f4c8?pvs=21), 椰奶糖漿-椰漿粉 (https://www.notion.so/238fd5adc30b80ef9360f8f58e38f336?pvs=21)"
番茄,菜商,CS (https://www.notion.so/CS-237fd5adc30b80d2a644d3123a2c8aa1?pvs=21),,0.167,,,2025年7月22日 下午7:21,未開始,0,1 斤,100,,番茄,酸辣湯底-番茄 (https://www.notion.so/237fd5adc30b80bbb00bc4891df156cf?pvs=21)
味精,佳良行,JL (https://www.notion.so/JL-237fd5adc30b80798c14e5c1a85eeb40?pvs=21),,0,,,2025年7月22日 下午7:21,未開始,0,,0,,味精,酸辣湯底-味精 (https://www.notion.so/237fd5adc30b808cb839dd97140592ab?pvs=21)
香茅粉,泓潔,HJ (https://www.notion.so/HJ-237fd5adc30b80b19761e0adc9cb9b8b?pvs=21),,0.48,,,2025年7月22日 下午7:21,未開始,0,100 克,48,,香茅粉,
酸辣湯塊,泓潔,HJ (https://www.notion.so/HJ-237fd5adc30b80b19761e0adc9cb9b8b?pvs=21),,0.545,,300,2025年7月22日 下午9:40,未開始,0,528 克,288,,酸辣湯塊,酸辣湯底-酸辣湯塊 (https://www.notion.so/237fd5adc30b80da9463fa17a069ac90?pvs=21)
竹筍,菜商,CS (https://www.notion.so/CS-237fd5adc30b80d2a644d3123a2c8aa1?pvs=21),,0.133,,200,2025年7月22日 下午7:25,未開始,0,1 斤,80,,竹筍,"經典紅咖哩醬-竹筍 (https://www.notion.so/237fd5adc30b8048a6f1df7d1babd7a3?pvs=21), 經典綠咖哩醬-竹筍 (https://www.notion.so/237fd5adc30b80c48057c9b912e0e462?pvs=21)"
牛肉粉,泓潔,HJ (https://www.notion.so/HJ-237fd5adc30b80b19761e0adc9cb9b8b?pvs=21),,0,,,2025年7月22日 下午7:21,未開始,0,,,,牛肉粉,經典紅咖哩醬-牛肉粉 (https://www.notion.so/237fd5adc30b805cbe8de6a1e7eab485?pvs=21)
檸檬葉,泓潔,HJ (https://www.notion.so/HJ-237fd5adc30b80b19761e0adc9cb9b8b?pvs=21),,1.1,,,2025年7月22日 下午7:21,未開始,0,50克,55,,檸檬葉,
南薑,泓潔,HJ (https://www.notion.so/HJ-237fd5adc30b80b19761e0adc9cb9b8b?pvs=21),,0.275,,,2025年7月22日 下午7:21,未開始,0,200克,55,,南薑,
南薑乾,泓潔,HJ (https://www.notion.so/HJ-237fd5adc30b80b19761e0adc9cb9b8b?pvs=21),,0.4,,100,2025年7月24日 上午11:01,未開始,0,100克,40,,南薑乾,"經典紅咖哩醬-南薑 (https://www.notion.so/237fd5adc30b80df9ea5ffa71d693559?pvs=21), 酸辣湯底-南薑乾 (https://www.notion.so/237fd5adc30b801ea590fafb17be221f?pvs=21), 經典綠咖哩醬-南薑乾 (https://www.notion.so/237fd5adc30b80ca98b5f4e8d59b9e35?pvs=21)"
木耳,菜商,CS (https://www.notion.so/CS-237fd5adc30b80d2a644d3123a2c8aa1?pvs=21),,0.15,,500,2025年7月22日 下午7:24,未開始,0,1 斤,90,,木耳,經典綠咖哩醬-木耳 (https://www.notion.so/237fd5adc30b8026967dc5684bb1bfde?pvs=21)
羊肉片,洋基,YJ (https://www.notion.so/YJ-237fd5adc30b80d99e59cd54b975744c?pvs=21),,0.27,,600,2025年7月22日 下午7:26,未開始,0,1 公斤,270,,羊肉片,Laab羊-羊肉片 (https://www.notion.so/Laab-237fd5adc30b80e0bdd5e71e40a94790?pvs=21)
羅漢果,佳良行,JL (https://www.notion.so/JL-237fd5adc30b80798c14e5c1a85eeb40?pvs=21),,0,,0,2025年7月22日 下午9:41,未開始,0,,,,羅漢果,經典國寶茶-羅漢果 (https://www.notion.so/237fd5adc30b8082bc42f0816d76437b?pvs=21)
咖啡豆,好事多,HSD (https://www.notion.so/HSD-237fd5adc30b8088bab1d4d8e9ffb4a0?pvs=21),,0,,,2025年7月22日 下午7:21,未開始,0,,,,咖啡豆,泰式傳統咖啡-咖啡豆 (https://www.notion.so/237fd5adc30b805a88e3da7af61f860f?pvs=21)
糯米椒,菜商,CS (https://www.notion.so/CS-237fd5adc30b80d2a644d3123a2c8aa1?pvs=21),,0,,600,2025年7月24日 上午10:56,未開始,600,1 斤,,糯米椒 (https://www.notion.so/238fd5adc30b80fb93b8e711d3b3ff6c?pvs=21),糯米椒,海鮮醬(綠)-糯米椒 (https://www.notion.so/237fd5adc30b80d697c1cfd5e5aa7658?pvs=21)
青花菜,菜商,CS (https://www.notion.so/CS-237fd5adc30b80d2a644d3123a2c8aa1?pvs=21),,0.134,,1200,2025年7月24日 上午10:56,未開始,800,800 克,107,青花菜 (https://www.notion.so/238fd5adc30b80768ed9d9b5fdd25c99?pvs=21),青花菜,配菜組-青花菜 (https://www.notion.so/238fd5adc30b801eace1f6e3e0094f3d?pvs=21)
白花菜,菜商,CS (https://www.notion.so/CS-237fd5adc30b80d2a644d3123a2c8aa1?pvs=21),,0.157,,1200,2025年7月24日 上午10:56,未開始,800,2 斤,188,白花菜 (https://www.notion.so/238fd5adc30b808f9269f4edefccad70?pvs=21),白花菜,配菜組-白花菜 (https://www.notion.so/238fd5adc30b80889ae1cef9afcd936f?pvs=21)
牛柳,洋基,YJ (https://www.notion.so/YJ-237fd5adc30b80d99e59cd54b975744c?pvs=21),,0.3,,3000,2025年7月22日 下午7:24,未開始,0,1 斤,180,,牛柳,醃製牛柳-牛柳 (https://www.notion.so/238fd5adc30b80219681c4d28d9e10d6?pvs=21)
蘿蔓美生,菜商,CS (https://www.notion.so/CS-237fd5adc30b80d2a644d3123a2c8aa1?pvs=21),,0.221,,453,2025年7月22日 下午7:27,未開始,0,543 克,120,,蘿蔓美生,生菜-蘿蔓美生 (https://www.notion.so/238fd5adc30b8016ba32e31e9c00c983?pvs=21)
仙草粉,佳良行,JL (https://www.notion.so/JL-237fd5adc30b80798c14e5c1a85eeb40?pvs=21),,0,,200,2025年7月22日 下午9:41,未開始,0,,,,仙草粉,仙草凍-仙草粉 (https://www.notion.so/238fd5adc30b80a1abe0dfd9182edce0?pvs=21)
義美小泡芙,全聯,QL (https://www.notion.so/QL-237fd5adc30b80cd86f6dfb8c235e420?pvs=21),,0,,50,2025年7月22日 下午9:42,未開始,0,,,,義美小泡芙,
杜老爺巧克力,全聯,QL (https://www.notion.so/QL-237fd5adc30b80cd86f6dfb8c235e420?pvs=21),,0,,100,2025年7月22日 下午9:42,未開始,0,,,,杜老爺巧克力,
九層塔,菜商,CS (https://www.notion.so/CS-237fd5adc30b80d2a644d3123a2c8aa1?pvs=21),,0.133,,112,2025年7月22日 下午7:24,未開始,0,150 克,20,,九層塔,
3/8脆薯,東莉,DL (https://www.notion.so/DL-237fd5adc30b80c89eb3ebead8c70904?pvs=21),,0.125,,4400,2025年7月22日 下午10:03,未開始,0,2 公斤,250,,3/8脆薯,
咖哩粉,泓潔,HJ (https://www.notion.so/HJ-237fd5adc30b80b19761e0adc9cb9b8b?pvs=21),,0.33,,1000,2025年7月22日 下午7:26,未開始,0,500 克,165,,咖哩粉,
鱸魚片,坎仔頂,CSS (https://www.notion.so/CSS-237fd5adc30b80aba8d4f957b7035c2f?pvs=21),,0.409,,1650,2025年7月22日 下午7:25,未開始,0,220 克,90,,鱸魚片,
雞蛋豆腐,菜商,CS (https://www.notion.so/CS-237fd5adc30b80d2a644d3123a2c8aa1?pvs=21),,0.133,,900,2025年7月22日 下午7:25,未開始,0,300 克,40,,雞蛋豆腐,
雞塊,東莉,DL (https://www.notion.so/DL-237fd5adc30b80c89eb3ebead8c70904?pvs=21),,0.108,,4500,2025年7月24日 上午10:54,未開始,3000,3 公斤,325,雞塊 (https://www.notion.so/238fd5adc30b800489a5d15713294442?pvs=21),雞塊,
玉米塊,東莉,DL (https://www.notion.so/DL-237fd5adc30b80c89eb3ebead8c70904?pvs=21),,0.077,,6000,2025年7月24日 上午10:54,未開始,3000,3 公斤,230,玉米塊 (https://www.notion.so/238fd5adc30b80539fc5d478f618955a?pvs=21),玉米塊,
嫩精,佳良行,JL (https://www.notion.so/JL-237fd5adc30b80798c14e5c1a85eeb40?pvs=21),,0.211,,300,2025年7月22日 下午9:41,未開始,0,450 克,95,,嫩精,經典國寶茶-羅漢果 (https://www.notion.so/237fd5adc30b8082bc42f0816d76437b?pvs=21)
肋條肉,洋基,YJ (https://www.notion.so/YJ-237fd5adc30b80d99e59cd54b975744c?pvs=21),,0.25,,0,2025年7月22日 下午9:39,未開始,0,1 公斤,250,,肋條肉,Laab羊-羊肉片 (https://www.notion.so/Laab-237fd5adc30b80e0bdd5e71e40a94790?pvs=21)
香茅乾,泓潔,HJ (https://www.notion.so/HJ-237fd5adc30b80b19761e0adc9cb9b8b?pvs=21),,0.4,,100,2025年7月22日 下午9:31,未開始,0,100 克,40,,香茅乾,"酸辣湯底-香茅乾 (https://www.notion.so/237fd5adc30b80a5a214e3589a0a197c?pvs=21), 酸辣湯底-檸檬葉乾 (https://www.notion.so/237fd5adc30b80229743ff802ae7d56c?pvs=21), 鹽味翅小腿-香茅 (https://www.notion.so/237fd5adc30b80c395b7f7572aff2579?pvs=21), 魚露炸腿-香茅 (https://www.notion.so/237fd5adc30b808ba1abefb7cf081b3b?pvs=21)"
檸檬葉乾,泓潔,HJ (https://www.notion.so/HJ-237fd5adc30b80b19761e0adc9cb9b8b?pvs=21),,0.9,,50,2025年7月24日 上午9:30,未開始,0,50 克,45,,檸檬葉乾,"酸辣湯底-檸檬葉乾 (https://www.notion.so/237fd5adc30b80229743ff802ae7d56c?pvs=21), 經典綠咖哩醬-檸檬葉乾 (https://www.notion.so/237fd5adc30b80f98713df65c43bbe86?pvs=21), 經典紅咖哩醬-檸檬葉 (https://www.notion.so/237fd5adc30b80cb9c52e291157922b7?pvs=21), 魚露炸腿-檸檬葉 (https://www.notion.so/237fd5adc30b8067aa8be308ea0b8443?pvs=21)"